;student_id;G1;G2;G3;school;absences;sex;age;address;famsize;Pstatus;Medu;Fedu;Mjob;Fjob;reason;guardian;traveltime;studytime;failures;schoolsup;famsup;paid;activities;nursery;higher;internet;romantic;famrel;freetime;goout;Dalc;Walc;health;final_grade
0;0;13;13;14;GP;14;F;17;U;LE3;T;4;3;health;other;reputation;father;1;2;0;no;no;no;yes;yes;yes;yes;yes;3;2;3;1;2;3;13.333333333333334
1;1;17;16;16;GP;0;M;15;R;GT3;T;4;3;teacher;at_home;course;mother;1;2;0;no;yes;no;yes;yes;yes;yes;yes;4;5;2;1;1;5;16.333333333333332
2;2;8;6;7;GP;18;M;16;U;LE3;A;4;4;teacher;health;reputation;mother;1;2;0;no;yes;no;no;yes;yes;no;no;4;1;3;3;5;5;7.0
3;3;10;10;10;MS;17;F;17;R;GT3;T;3;1;at_home;other;reputation;mother;1;2;0;no;yes;yes;yes;no;yes;yes;no;4;5;4;2;3;1;10.0
4;4;7;8;9;GP;2;F;19;U;GT3;T;0;1;at_home;other;course;other;1;2;3;no;yes;no;no;no;no;no;no;3;4;2;1;1;5;8.0
5;5;10;12;11;GP;16;M;16;U;GT3;T;4;4;teacher;teacher;home;mother;1;2;0;no;yes;yes;yes;yes;yes;yes;yes;4;4;5;5;5;5;11.0
6;6;18;18;19;GP;5;F;18;U;GT3;T;2;2;at_home;at_home;other;mother;1;3;0;no;yes;yes;no;yes;yes;yes;no;4;3;3;1;2;2;18.333333333333332
7;7;13;13;13;GP;2;F;16;U;LE3;T;2;4;other;health;course;father;2;2;0;no;yes;yes;yes;yes;yes;yes;yes;4;2;2;1;2;5;13.0
8;8;7;10;10;GP;0;F;16;R;GT3;T;3;3;services;other;reputation;father;1;3;1;yes;yes;no;yes;yes;yes;yes;no;4;1;2;1;1;2;9.0
9;9;5;0;0;GP;0;M;19;U;GT3;T;3;2;services;at_home;home;mother;1;1;3;no;yes;no;no;yes;no;yes;yes;4;5;4;1;1;4;1.6666666666666667
10;10;14;12;12;GP;0;M;16;U;LE3;T;1;1;services;other;course;mother;1;2;1;no;no;no;no;yes;yes;no;yes;4;4;4;1;3;5;12.666666666666666
11;11;10;9;9;GP;75;F;18;R;GT3;A;3;2;other;services;home;mother;2;2;0;no;no;no;no;no;no;yes;yes;4;1;1;1;1;5;9.333333333333334
12;12;10;10;10;GP;2;M;17;U;GT3;T;1;3;at_home;services;course;father;1;1;0;no;no;no;no;yes;no;yes;no;5;3;3;1;4;2;10.0
13;13;15;12;14;GP;0;F;17;U;GT3;T;4;2;other;other;reputation;mother;2;3;0;no;yes;yes;no;yes;yes;yes;no;4;3;3;1;1;3;13.666666666666666
14;14;10;11;11;GP;6;F;16;R;GT3;T;4;4;health;teacher;other;mother;1;2;0;no;yes;no;yes;yes;yes;no;no;2;4;4;2;3;4;10.666666666666666
15;15;10;10;10;GP;0;F;15;U;LE3;T;4;3;services;services;reputation;father;1;2;0;yes;no;no;yes;yes;yes;yes;yes;4;4;4;2;4;2;10.0
16;16;15;15;15;GP;4;M;15;U;LE3;T;2;2;services;services;home;mother;2;2;0;no;no;yes;yes;yes;yes;yes;no;5;3;3;1;3;4;15.0
17;17;17;18;18;GP;0;M;20;U;GT3;A;3;2;services;other;course;other;1;1;0;no;no;no;yes;yes;yes;no;no;5;5;3;1;1;5;17.666666666666668
18;18;10;9;8;GP;2;F;15;R;GT3;T;2;4;services;health;course;mother;1;3;0;yes;yes;yes;yes;yes;yes;yes;no;4;3;2;1;1;5;9.0
19;19;16;15;16;GP;9;M;18;R;GT3;T;4;3;teacher;services;course;mother;1;3;0;no;no;no;no;yes;yes;yes;yes;5;3;2;1;2;4;15.666666666666666
20;20;10;8;9;GP;10;M;16;R;GT3;T;4;2;teacher;services;other;mother;1;1;0;no;yes;no;yes;yes;yes;yes;yes;4;3;3;3;4;3;9.0
21;21;13;14;14;GP;0;M;16;U;GT3;T;2;3;other;other;home;father;2;1;0;no;no;no;no;yes;yes;yes;no;5;3;3;1;1;3;13.666666666666666
22;22;6;8;8;GP;16;M;22;U;GT3;T;3;1;services;services;other;mother;1;1;3;no;no;no;no;no;no;yes;yes;5;4;5;5;5;1;7.333333333333333
23;23;11;11;10;GP;0;M;17;U;LE3;T;4;4;other;teacher;home;father;2;1;0;no;no;yes;no;yes;yes;yes;no;4;1;1;2;2;5;10.666666666666666
24;24;16;15;15;GP;2;F;16;U;LE3;T;4;3;teacher;services;course;mother;3;2;0;no;yes;no;yes;yes;yes;yes;no;5;4;3;1;2;1;15.333333333333334
25;25;13;14;13;GP;0;M;16;U;GT3;T;3;3;other;services;home;father;2;1;0;no;no;no;yes;yes;yes;yes;no;5;4;2;1;1;5;13.333333333333334
26;26;14;14;14;GP;4;F;17;U;GT3;T;4;4;teacher;teacher;course;mother;2;3;0;no;yes;yes;no;no;yes;yes;yes;4;3;3;1;2;4;14.0
27;27;13;13;13;MS;0;F;18;R;LE3;A;1;4;at_home;other;course;mother;3;2;0;no;no;no;no;yes;yes;no;yes;4;3;4;1;4;5;13.0
28;28;10;10;9;GP;0;M;18;U;GT3;T;4;3;teacher;other;course;mother;1;3;0;no;yes;yes;no;yes;yes;yes;yes;5;4;5;2;3;5;9.666666666666666
29;29;10;8;11;GP;6;F;16;U;GT3;T;1;1;services;services;course;father;4;1;0;yes;yes;no;yes;no;yes;yes;yes;5;5;5;5;5;5;9.666666666666666
30;30;8;9;10;GP;2;F;16;U;GT3;T;2;1;other;other;course;mother;1;2;0;no;yes;yes;no;yes;yes;no;yes;4;3;5;1;1;5;9.0
31;31;9;9;10;GP;4;F;17;U;GT3;T;1;1;other;other;course;mother;1;2;0;no;yes;yes;no;no;yes;no;no;4;4;4;1;3;1;9.333333333333334
32;32;11;11;11;GP;4;M;16;U;LE3;A;3;4;services;other;home;mother;1;2;0;yes;yes;no;yes;yes;yes;yes;no;5;3;3;1;1;5;11.0
33;33;7;8;0;GP;0;F;17;U;GT3;T;3;2;other;other;home;mother;1;2;0;no;yes;yes;no;yes;yes;yes;yes;4;3;2;2;3;2;5.0
34;34;12;11;12;MS;0;F;17;R;GT3;T;1;2;other;services;course;father;2;2;0;no;no;no;no;no;yes;no;no;3;2;2;1;2;3;11.666666666666666
35;35;9;9;9;GP;8;M;16;U;LE3;T;2;2;services;services;reputation;father;2;1;2;no;yes;no;yes;yes;yes;yes;no;2;3;3;2;2;2;9.0
36;36;10;12;12;GP;2;M;15;U;GT3;T;2;3;other;services;course;father;1;1;0;yes;yes;yes;yes;no;yes;yes;yes;3;2;2;1;3;3;11.333333333333334
37;37;10;9;0;GP;0;F;19;U;GT3;T;4;4;health;other;reputation;other;2;2;0;no;yes;yes;yes;yes;yes;yes;no;2;3;4;2;3;2;6.333333333333333
38;38;12;12;12;GP;6;F;17;U;LE3;T;2;2;services;other;course;mother;2;2;0;yes;yes;yes;no;yes;yes;yes;yes;4;4;4;2;3;5;12.0
39;39;14;15;16;GP;3;M;17;U;GT3;T;3;3;other;services;reputation;mother;1;1;0;no;no;no;yes;no;yes;yes;no;4;3;5;3;5;5;15.0
40;40;15;14;15;GP;2;F;15;U;GT3;T;4;2;health;services;home;mother;1;3;0;no;yes;yes;yes;yes;yes;yes;yes;3;2;2;1;1;5;14.666666666666666
41;41;13;12;12;GP;0;M;16;U;GT3;T;4;4;services;services;course;mother;1;1;0;no;no;no;yes;yes;yes;yes;no;5;3;2;1;2;5;12.333333333333334
42;42;11;12;10;MS;0;M;18;R;LE3;T;3;2;services;other;course;mother;3;1;0;no;no;no;no;no;yes;yes;no;4;4;1;3;4;5;11.0
43;43;7;7;8;GP;3;F;17;U;GT3;T;2;3;at_home;other;home;father;2;1;0;no;yes;yes;no;yes;yes;no;no;3;3;3;1;4;3;7.333333333333333
44;44;9;8;10;GP;6;F;18;R;GT3;T;1;1;at_home;other;course;mother;3;1;3;no;yes;no;yes;no;yes;no;no;5;2;5;1;5;4;9.0
45;45;7;7;7;GP;6;F;17;R;GT3;T;4;3;teacher;other;reputation;mother;2;3;0;no;yes;yes;yes;yes;yes;yes;yes;4;4;2;1;1;4;7.0
46;46;16;16;16;GP;2;F;16;U;GT3;T;4;3;health;other;home;mother;1;2;0;no;yes;no;yes;yes;yes;yes;no;4;3;5;1;5;2;16.0
47;47;5;8;7;GP;0;M;17;R;LE3;T;1;1;other;services;course;mother;4;2;3;no;no;no;yes;yes;no;no;yes;5;3;5;1;5;5;6.666666666666667
48;48;8;9;10;MS;4;F;18;R;LE3;T;4;4;teacher;services;course;mother;1;2;0;no;no;yes;yes;yes;yes;yes;no;5;4;3;3;4;2;9.0
49;49;13;15;15;GP;0;M;16;U;GT3;T;0;2;other;other;other;mother;1;1;0;no;no;yes;no;no;yes;yes;no;4;3;2;2;4;5;14.333333333333334
50;50;15;14;14;MS;4;M;18;U;GT3;T;4;4;teacher;teacher;home;father;1;2;0;no;no;yes;yes;no;yes;yes;no;3;2;4;1;4;2;14.333333333333334
51;51;12;13;12;GP;2;M;16;U;GT3;T;3;3;services;other;home;mother;1;2;0;no;no;yes;yes;yes;yes;yes;yes;4;2;3;1;2;3;12.333333333333334
52;52;10;12;12;GP;4;F;15;U;GT3;T;2;1;services;other;reputation;father;3;3;0;no;yes;no;yes;yes;yes;yes;no;5;2;2;1;1;4;11.333333333333334
53;53;6;10;10;GP;4;F;16;U;GT3;T;3;3;other;other;home;father;1;2;0;no;yes;yes;no;yes;yes;no;no;4;3;2;1;2;5;8.666666666666666
54;54;10;10;11;GP;4;M;17;U;GT3;T;4;3;other;other;course;mother;1;2;0;no;yes;no;yes;yes;yes;yes;yes;5;2;3;1;1;2;10.333333333333334
55;55;8;9;10;GP;8;F;16;U;GT3;A;2;1;other;other;other;mother;1;2;0;no;no;yes;yes;yes;yes;yes;yes;5;3;4;1;1;2;9.0
56;56;13;10;11;GP;22;F;19;U;LE3;T;3;2;services;other;reputation;other;2;2;1;no;yes;yes;no;no;yes;yes;yes;4;2;2;1;2;1;11.333333333333334
57;57;7;7;9;MS;4;F;19;U;LE3;T;3;2;services;services;home;other;2;2;2;no;no;no;yes;yes;yes;no;yes;3;2;2;1;1;3;7.666666666666667
58;58;13;13;13;MS;2;M;17;U;GT3;T;3;3;health;other;course;mother;2;2;0;no;yes;yes;no;yes;yes;yes;no;4;5;4;2;3;3;13.0
59;59;14;15;15;GP;4;M;15;U;GT3;T;4;4;teacher;health;reputation;mother;1;2;0;no;yes;no;yes;yes;yes;no;no;3;2;2;1;1;5;14.666666666666666
60;60;11;9;10;GP;19;M;17;U;LE3;A;3;2;teacher;services;home;mother;1;1;1;no;no;no;no;yes;yes;yes;no;4;4;4;3;4;3;10.0
61;61;6;6;8;GP;13;M;18;U;LE3;T;3;3;services;health;home;father;1;2;1;no;yes;yes;no;yes;yes;yes;no;3;2;4;2;4;4;6.666666666666667
62;62;9;9;10;GP;6;M;15;U;GT3;T;4;3;teacher;other;home;mother;1;2;0;no;yes;yes;yes;yes;yes;yes;no;4;3;3;2;3;5;9.333333333333334
63;63;15;15;16;GP;2;M;16;U;LE3;T;4;2;teacher;other;course;mother;1;2;0;no;no;no;yes;yes;yes;yes;no;4;5;1;1;3;5;15.333333333333334
64;64;12;13;14;GP;0;F;16;U;GT3;A;2;2;other;other;reputation;mother;1;2;0;yes;yes;yes;no;yes;yes;yes;no;3;3;4;1;1;4;13.0
65;65;7;10;11;GP;25;F;16;U;LE3;T;2;2;other;other;home;mother;2;2;1;no;yes;no;yes;no;yes;yes;yes;3;3;3;1;2;3;9.333333333333334
66;66;9;10;10;GP;4;F;17;U;GT3;T;2;2;at_home;at_home;course;mother;1;3;0;no;yes;yes;yes;yes;yes;yes;no;4;3;3;1;1;4;9.666666666666666
67;67;11;11;11;GP;4;M;17;R;GT3;T;2;2;other;other;course;father;2;2;0;no;yes;yes;yes;yes;yes;yes;no;4;5;2;1;1;1;11.0
68;68;5;5;6;GP;4;F;17;U;GT3;T;1;1;at_home;other;course;father;1;2;0;no;yes;no;no;no;yes;yes;no;5;3;3;1;1;3;5.333333333333333
69;69;17;15;16;GP;4;M;17;U;GT3;T;4;4;services;teacher;home;mother;1;1;0;no;no;no;no;yes;yes;yes;no;5;2;3;1;2;5;16.0
70;70;12;12;14;GP;2;M;16;U;GT3;T;3;1;other;other;reputation;mother;1;1;0;no;no;no;yes;yes;yes;no;no;5;3;2;2;2;5;12.666666666666666
71;71;7;7;7;GP;5;F;16;U;GT3;A;3;1;services;other;course;mother;1;2;3;no;yes;yes;no;yes;yes;yes;no;2;3;3;2;2;4;7.0
72;72;9;9;10;GP;0;F;16;U;LE3;T;4;4;teacher;teacher;reputation;mother;1;2;0;no;yes;yes;no;yes;yes;yes;no;4;5;2;1;2;3;9.333333333333334
73;73;5;6;6;GP;6;F;18;U;GT3;A;4;4;at_home;teacher;course;mother;2;2;0;yes;no;no;no;yes;yes;no;no;4;3;4;1;1;3;5.666666666666667
74;74;15;13;15;GP;9;M;18;U;LE3;A;4;4;teacher;teacher;reputation;mother;1;2;0;no;yes;yes;yes;yes;yes;yes;no;5;4;3;1;1;2;14.333333333333334
75;75;13;15;15;GP;0;F;17;U;GT3;T;4;3;health;other;reputation;mother;1;3;0;no;yes;yes;yes;yes;yes;yes;yes;4;4;3;1;3;4;14.333333333333334
76;76;12;11;12;GP;16;M;16;U;GT3;T;3;2;services;services;course;mother;2;1;1;no;yes;no;yes;no;no;no;no;4;5;2;1;1;2;11.666666666666666
77;77;10;10;10;GP;2;F;17;U;GT3;T;2;4;at_home;health;reputation;mother;2;2;0;no;yes;yes;no;yes;yes;yes;yes;4;3;3;1;1;1;10.0
78;78;13;13;12;GP;0;M;15;U;GT3;T;3;4;services;services;home;father;1;1;0;yes;no;no;no;yes;yes;yes;no;5;5;5;3;2;5;12.666666666666666
79;79;12;10;12;GP;10;F;17;U;GT3;A;2;1;other;other;course;mother;2;3;0;no;no;no;yes;yes;yes;yes;yes;3;2;3;1;2;3;11.333333333333334
80;80;6;5;0;MS;0;F;18;U;GT3;T;1;1;other;other;course;mother;2;2;1;no;no;no;yes;yes;yes;no;no;1;1;1;1;1;5;3.6666666666666665
81;81;6;7;0;GP;0;F;15;U;GT3;T;3;2;health;services;home;father;1;2;3;no;yes;no;no;yes;yes;yes;no;3;3;2;1;1;3;4.333333333333333
82;82;14;12;12;GP;8;F;18;U;GT3;T;2;4;services;at_home;reputation;other;1;2;1;no;yes;yes;yes;yes;yes;yes;no;4;4;3;1;1;3;12.666666666666666
83;83;11;11;10;GP;8;M;15;U;GT3;T;4;0;teacher;other;course;mother;2;4;0;no;no;no;yes;yes;yes;yes;no;3;4;3;1;1;1;10.666666666666666
84;84;10;9;10;GP;10;M;18;U;GT3;T;4;2;health;other;reputation;father;1;2;0;no;yes;yes;yes;yes;yes;yes;yes;5;4;5;1;3;5;9.666666666666666
85;85;14;12;11;GP;4;M;17;U;GT3;T;3;3;health;other;home;mother;1;1;0;no;yes;yes;no;yes;yes;yes;no;4;4;3;1;3;5;12.333333333333334
86;86;15;14;14;GP;6;M;18;U;GT3;T;2;1;services;services;reputation;mother;1;3;0;no;no;yes;yes;yes;yes;yes;no;4;2;4;1;3;2;14.333333333333334
87;87;7;7;0;GP;0;M;18;U;GT3;T;2;2;other;services;reputation;father;1;2;1;no;no;no;no;yes;no;yes;no;5;5;4;3;5;2;4.666666666666667
88;88;19;18;19;MS;0;F;18;R;LE3;T;4;4;other;other;reputation;mother;2;3;0;no;no;no;no;yes;yes;yes;no;5;4;4;1;1;1;18.666666666666668
89;89;8;7;6;GP;4;F;16;U;LE3;T;2;2;at_home;other;course;mother;1;2;0;no;yes;no;no;yes;yes;no;no;4;3;4;1;2;2;7.0
90;90;10;13;13;GP;6;M;15;R;GT3;T;4;4;other;other;home;father;4;4;0;no;yes;yes;yes;yes;yes;yes;yes;1;3;5;3;5;1;12.0
91;91;8;7;8;MS;7;M;18;U;LE3;T;1;3;at_home;services;course;mother;1;1;1;no;no;no;no;yes;no;yes;yes;4;3;3;2;3;3;7.666666666666667
92;92;13;13;13;GP;23;F;17;U;GT3;A;4;3;services;services;course;mother;1;2;0;no;yes;yes;no;yes;yes;yes;yes;5;2;2;1;2;5;13.0
93;93;12;13;13;GP;0;M;18;U;GT3;T;2;2;other;other;home;mother;2;2;0;no;yes;yes;no;yes;yes;yes;no;3;3;3;5;5;4;12.666666666666666
94;94;16;17;18;GP;4;F;15;U;GT3;T;4;3;services;other;reputation;mother;1;1;0;no;no;yes;yes;yes;yes;yes;no;4;5;5;1;3;1;17.0
95;95;9;11;11;GP;2;F;15;U;GT3;T;4;4;teacher;services;course;mother;1;3;0;no;yes;yes;yes;yes;yes;yes;no;4;2;2;1;1;5;10.333333333333334
96;96;15;14;14;GP;4;F;18;U;GT3;T;2;3;other;services;reputation;father;1;4;0;no;yes;yes;yes;yes;yes;yes;yes;4;5;5;1;3;2;14.333333333333334
97;97;12;10;11;GP;2;M;17;U;GT3;T;1;1;other;other;reputation;father;1;2;0;no;no;yes;no;no;yes;yes;no;4;3;3;1;2;4;11.0
98;98;6;0;0;GP;0;F;18;R;GT3;T;2;1;other;other;reputation;mother;2;2;0;no;yes;no;no;yes;no;yes;yes;4;3;5;1;2;3;2.0
99;99;11;11;10;MS;2;M;17;U;GT3;T;2;3;other;services;home;father;2;2;0;no;no;no;yes;yes;yes;yes;no;4;4;3;1;1;3;10.666666666666666
100;100;15;14;13;GP;20;M;19;U;GT3;T;3;3;other;other;home;other;1;2;1;no;yes;no;yes;yes;yes;yes;yes;4;4;4;1;1;3;14.0
101;101;9;8;8;GP;2;M;18;U;LE3;T;2;2;other;other;course;mother;1;4;0;no;yes;no;yes;yes;yes;yes;no;4;5;5;2;4;5;8.333333333333334
102;102;11;11;11;GP;12;M;19;U;LE3;A;4;3;services;at_home;reputation;mother;1;2;0;no;yes;no;no;yes;yes;yes;no;4;3;1;1;1;1;11.0
103;103;10;13;12;GP;12;F;17;U;LE3;T;2;2;other;other;course;father;1;1;0;no;yes;no;no;yes;yes;yes;yes;3;4;4;1;3;5;11.666666666666666
104;104;7;0;0;GP;0;M;16;U;LE3;T;1;2;other;other;course;mother;2;1;1;no;no;no;yes;yes;yes;no;no;4;4;4;2;4;5;2.3333333333333335
105;105;9;9;10;GP;6;F;16;U;GT3;T;1;1;at_home;other;home;mother;2;1;0;no;yes;yes;no;yes;yes;no;no;4;3;2;1;4;5;9.333333333333334
106;106;13;13;14;GP;0;F;16;U;GT3;T;4;4;teacher;services;home;mother;1;3;0;no;yes;no;yes;no;yes;yes;no;5;3;2;1;1;5;13.333333333333334
107;107;12;12;13;GP;13;M;17;U;LE3;T;4;4;services;other;home;mother;1;2;0;no;yes;yes;no;yes;yes;yes;yes;5;3;5;4;5;3;12.333333333333334
108;108;7;10;10;GP;6;M;16;U;GT3;T;3;3;at_home;other;reputation;other;3;2;0;yes;yes;no;no;no;yes;yes;no;5;3;3;1;3;2;9.0
109;109;10;9;11;GP;4;F;17;U;GT3;T;2;2;other;other;course;mother;1;2;0;no;yes;no;no;no;yes;yes;no;5;4;5;1;2;5;10.0
110;110;8;9;9;MS;5;M;19;U;LE3;T;1;1;other;at_home;course;father;1;1;0;no;no;no;no;yes;yes;yes;no;3;2;3;3;3;5;8.666666666666666
111;111;8;8;8;GP;30;M;17;U;LE3;A;4;1;services;other;home;mother;2;1;0;no;no;yes;yes;yes;yes;yes;yes;4;5;4;2;4;5;8.0
112;112;7;6;6;GP;18;F;17;R;GT3;T;2;2;other;other;reputation;mother;1;1;0;no;yes;no;no;yes;yes;yes;no;5;3;2;1;2;3;6.333333333333333
113;113;14;14;14;GP;4;F;16;U;GT3;T;4;4;health;other;home;mother;1;1;0;no;yes;no;no;yes;yes;yes;no;4;4;4;1;2;2;14.0
114;114;8;9;8;GP;38;M;19;U;GT3;T;4;4;teacher;services;reputation;other;2;1;1;no;yes;yes;no;yes;yes;yes;yes;4;3;4;1;1;4;8.333333333333334
115;115;13;12;12;GP;20;F;16;U;GT3;T;2;1;other;other;home;mother;1;1;0;no;no;no;no;yes;yes;yes;yes;4;5;2;1;1;5;12.333333333333334
116;116;14;15;16;GP;4;F;16;U;LE3;T;4;4;health;health;other;mother;1;3;0;no;yes;yes;yes;yes;yes;yes;yes;5;4;5;1;1;4;15.0
117;117;14;14;13;GP;2;F;16;U;LE3;T;1;1;at_home;at_home;course;mother;1;1;0;no;no;no;no;yes;yes;yes;no;3;4;4;3;3;1;13.666666666666666
118;118;5;5;5;GP;12;F;16;U;GT3;T;3;4;at_home;other;course;mother;1;2;0;no;yes;no;no;yes;yes;yes;no;2;4;3;1;2;3;5.0
119;119;8;10;10;GP;6;F;16;U;GT3;T;2;3;other;other;reputation;mother;1;2;0;yes;yes;yes;yes;yes;yes;no;no;4;4;3;1;3;4;9.333333333333334
120;120;11;13;14;GP;6;M;15;U;LE3;T;2;2;services;health;reputation;mother;1;4;0;no;yes;no;yes;yes;yes;yes;no;4;3;4;1;1;4;12.666666666666666
121;121;7;4;0;GP;0;M;18;R;GT3;T;2;2;services;other;reputation;mother;1;1;2;no;yes;no;yes;yes;yes;yes;no;3;3;3;1;2;4;3.6666666666666665
122;122;12;11;12;GP;2;M;17;U;LE3;T;2;3;services;services;reputation;father;1;2;0;no;yes;yes;no;no;yes;yes;no;5;3;3;1;3;3;11.666666666666666
123;123;16;14;15;GP;6;M;15;U;GT3;T;2;2;services;services;home;father;1;4;0;no;yes;yes;yes;yes;yes;yes;no;5;5;4;1;2;5;15.0
124;124;12;12;11;GP;2;F;15;R;GT3;T;3;4;services;health;course;mother;1;3;0;yes;yes;yes;yes;yes;yes;yes;no;4;3;2;1;1;5;11.666666666666666
125;125;7;6;6;GP;26;F;15;U;GT3;T;3;2;services;other;home;mother;2;2;0;yes;yes;yes;no;yes;yes;yes;no;4;3;5;1;1;2;6.333333333333333
126;126;11;11;10;GP;6;M;15;U;LE3;A;4;2;health;health;other;father;2;1;1;no;no;no;no;yes;yes;no;no;5;5;5;3;4;5;10.666666666666666
127;127;12;12;11;GP;12;M;17;U;GT3;T;3;3;services;services;other;mother;1;2;0;no;yes;no;yes;yes;yes;yes;yes;4;3;4;2;3;4;11.666666666666666
128;128;7;10;11;GP;0;F;15;U;LE3;A;3;4;other;other;home;mother;1;2;0;yes;no;no;yes;yes;yes;yes;yes;5;3;2;1;1;1;9.333333333333334
129;129;8;7;8;GP;0;F;16;U;GT3;T;2;2;other;other;home;mother;1;2;0;no;no;yes;no;yes;yes;yes;yes;5;4;4;1;1;5;7.666666666666667
130;130;7;0;0;GP;0;F;18;U;GT3;T;3;3;services;services;home;mother;1;2;0;no;no;no;yes;yes;yes;yes;no;5;3;4;1;1;4;2.3333333333333335
131;131;7;5;0;MS;0;F;19;R;GT3;T;2;3;services;other;course;mother;1;3;1;no;no;no;yes;no;yes;yes;no;5;4;2;1;2;5;4.0
132;132;8;8;0;GP;0;F;18;U;LE3;T;2;2;other;other;home;other;1;2;0;no;no;no;yes;no;yes;yes;yes;4;3;3;1;1;2;5.333333333333333
133;133;11;11;11;GP;0;F;16;U;GT3;T;2;2;other;other;reputation;mother;1;4;0;no;no;yes;no;yes;yes;yes;yes;5;2;3;1;3;3;11.0
134;134;8;10;12;GP;0;M;15;U;LE3;T;3;3;other;other;course;mother;1;2;0;no;no;no;yes;no;yes;yes;no;5;3;2;1;1;2;10.0
135;135;9;10;10;GP;4;F;17;R;GT3;A;3;2;other;other;home;mother;1;2;0;no;yes;yes;no;yes;yes;yes;no;4;3;3;2;3;2;9.666666666666666
136;136;11;11;11;GP;3;F;17;R;LE3;T;2;2;services;services;course;mother;1;3;0;no;yes;yes;yes;yes;yes;yes;no;3;3;2;2;2;3;11.0
137;137;6;5;5;GP;16;M;17;U;GT3;T;3;2;services;services;course;mother;1;1;3;no;yes;no;yes;yes;yes;yes;no;5;5;5;2;4;5;5.333333333333333
138;138;12;11;11;GP;16;F;16;U;GT3;A;3;4;services;other;course;father;1;1;0;no;no;no;no;yes;yes;yes;no;3;2;1;1;4;5;11.333333333333334
139;139;14;13;13;GP;8;F;15;R;GT3;T;2;2;at_home;other;reputation;mother;1;1;0;yes;yes;yes;yes;yes;yes;no;no;4;3;1;1;1;2;13.333333333333334
140;140;8;9;10;GP;0;M;15;U;LE3;A;2;1;services;other;course;mother;4;1;3;no;no;no;no;yes;yes;yes;no;4;5;5;2;5;5;9.0
141;141;12;13;13;MS;4;F;17;R;GT3;T;4;4;teacher;services;other;father;2;2;0;no;yes;yes;yes;yes;yes;yes;no;4;3;3;1;2;5;12.666666666666666
142;142;11;13;13;MS;10;M;18;R;GT3;T;3;2;other;other;course;mother;2;1;1;no;yes;no;no;no;yes;yes;no;2;5;5;5;5;5;12.333333333333334
143;143;7;7;5;GP;14;M;16;U;GT3;T;4;4;services;services;other;mother;1;1;0;yes;yes;yes;yes;yes;yes;yes;no;4;5;5;5;5;4;6.333333333333333
144;144;14;12;12;MS;3;M;18;R;LE3;T;1;2;at_home;services;other;father;3;1;0;no;yes;yes;yes;yes;no;yes;yes;4;3;3;2;3;3;12.666666666666666
145;145;8;9;10;GP;4;F;18;U;GT3;T;1;1;other;other;home;mother;2;2;0;yes;no;no;yes;yes;yes;yes;no;5;4;4;1;1;4;9.0
146;146;10;10;9;GP;14;F;16;U;LE3;T;2;2;other;at_home;course;father;2;2;1;yes;no;no;yes;yes;yes;yes;no;4;3;3;2;2;5;9.666666666666666
147;147;7;7;8;GP;0;F;16;U;GT3;T;3;3;other;other;home;mother;1;3;0;no;yes;yes;no;yes;yes;yes;yes;4;3;3;1;3;4;7.333333333333333
148;148;12;12;12;GP;8;M;15;U;LE3;T;4;4;teacher;other;home;other;1;1;0;no;yes;no;no;no;yes;yes;yes;5;4;3;2;4;5;12.0
149;149;18;18;18;GP;6;M;16;U;GT3;T;2;1;other;other;course;mother;3;1;0;no;no;no;no;yes;yes;yes;no;4;3;3;1;1;4;18.0
150;150;9;8;0;GP;0;F;17;U;GT3;A;2;2;at_home;at_home;home;father;1;2;1;no;yes;no;no;yes;yes;yes;yes;3;3;1;1;2;4;5.666666666666667
151;151;12;14;15;GP;1;F;17;U;GT3;T;3;1;services;services;course;father;1;3;0;no;yes;no;no;no;yes;yes;no;3;4;3;2;3;5;13.666666666666666
152;152;11;11;11;GP;2;F;18;U;LE3;T;1;1;other;other;home;mother;2;2;0;no;yes;yes;no;no;yes;no;no;4;4;3;1;1;3;11.0
153;153;7;6;0;GP;0;M;17;R;LE3;T;2;1;at_home;other;course;mother;2;1;2;no;no;no;yes;yes;no;yes;yes;3;3;2;2;2;5;4.333333333333333
154;154;13;14;14;GP;6;F;16;U;GT3;T;4;4;services;services;reputation;mother;1;3;0;no;yes;yes;yes;yes;yes;yes;no;3;2;3;1;2;2;13.666666666666666
155;155;14;12;13;GP;20;F;19;U;GT3;T;2;1;at_home;other;other;other;3;2;0;no;yes;no;no;yes;no;yes;yes;3;4;1;1;1;2;13.0
156;156;11;13;13;GP;2;F;15;U;LE3;T;4;2;health;other;other;mother;1;2;0;no;yes;yes;no;yes;yes;yes;no;4;3;3;1;1;5;12.333333333333334
157;157;10;8;7;MS;3;M;21;R;GT3;T;1;1;other;other;course;other;1;1;3;no;no;no;no;no;yes;no;no;5;5;3;3;3;3;8.333333333333334
158;158;16;12;13;GP;8;M;17;R;LE3;T;1;2;other;other;reputation;mother;1;1;0;no;no;no;no;yes;yes;no;no;2;2;2;3;3;5;13.666666666666666
159;159;8;8;11;GP;0;M;15;U;GT3;T;2;2;services;services;course;father;1;1;0;yes;yes;no;no;yes;yes;yes;no;5;4;1;1;1;1;9.0
160;160;9;9;8;GP;56;F;17;U;LE3;T;3;3;other;other;reputation;mother;1;2;0;no;yes;no;yes;yes;yes;yes;yes;5;3;3;2;3;1;8.666666666666666
161;161;8;9;10;GP;8;M;16;R;GT3;T;3;3;services;services;reputation;mother;1;1;0;no;yes;no;yes;yes;yes;yes;no;4;3;2;3;4;5;9.0
162;162;15;15;14;GP;2;M;15;U;GT3;T;4;2;teacher;other;home;mother;1;2;0;no;yes;yes;no;yes;yes;no;no;4;3;3;2;2;5;14.666666666666666
163;163;12;12;11;GP;2;M;15;U;GT3;T;2;2;other;other;home;mother;1;1;0;no;yes;yes;no;yes;yes;yes;no;4;2;2;1;2;5;11.666666666666666
164;164;13;11;11;GP;3;M;19;U;GT3;T;1;2;other;services;course;other;1;2;1;no;no;no;no;no;yes;yes;no;4;5;2;2;2;4;11.666666666666666
165;165;7;9;8;MS;0;F;18;U;LE3;T;3;1;teacher;services;course;mother;1;2;0;no;yes;yes;no;yes;yes;yes;no;4;3;4;1;1;1;8.0
166;166;11;12;11;GP;2;M;16;U;GT3;T;1;2;services;services;other;mother;1;1;0;no;yes;yes;yes;yes;yes;yes;yes;3;3;3;1;2;3;11.333333333333334
167;167;6;5;0;GP;0;F;17;U;GT3;T;1;1;at_home;other;reputation;mother;1;3;1;no;yes;no;yes;yes;yes;no;yes;4;3;4;1;1;5;3.6666666666666665
168;168;14;13;13;GP;2;M;16;U;GT3;T;4;4;health;other;reputation;father;1;2;0;no;yes;yes;yes;yes;yes;yes;no;4;2;4;2;4;1;13.333333333333334
169;169;6;5;6;MS;7;F;18;R;GT3;T;4;4;teacher;at_home;reputation;mother;3;1;0;no;yes;yes;yes;yes;yes;yes;yes;4;4;3;2;2;5;5.666666666666667
170;170;19;18;18;GP;2;M;15;U;GT3;T;4;4;services;teacher;course;father;1;2;0;no;yes;no;yes;yes;yes;yes;no;4;3;3;1;1;5;18.333333333333332
171;171;6;7;0;GP;0;F;16;U;GT3;T;2;2;other;other;home;mother;1;2;0;no;yes;yes;no;no;yes;yes;no;5;1;5;1;1;4;4.333333333333333
172;172;12;14;15;GP;0;M;16;U;GT3;T;3;2;other;other;home;mother;1;1;0;no;yes;yes;no;no;yes;yes;no;5;4;3;1;1;5;13.666666666666666
173;173;14;13;14;GP;8;M;18;R;LE3;T;3;2;services;other;reputation;mother;2;3;0;no;yes;yes;yes;yes;yes;yes;no;5;4;2;1;1;4;13.666666666666666
174;174;11;10;10;GP;8;M;17;R;GT3;T;2;2;services;other;course;mother;4;1;0;no;yes;no;no;yes;yes;yes;no;4;4;5;5;5;4;10.333333333333334
175;175;16;17;17;GP;0;F;17;U;GT3;T;2;4;services;services;reputation;father;1;2;0;no;yes;no;yes;yes;yes;no;no;5;4;2;2;3;5;16.666666666666668
176;176;10;10;10;MS;4;M;18;U;LE3;T;1;1;other;services;home;father;2;1;0;no;no;no;no;no;yes;yes;yes;3;3;2;1;2;3;10.0
177;177;8;8;8;MS;4;M;19;R;GT3;T;1;1;other;other;home;other;3;1;1;no;yes;no;no;yes;yes;yes;no;4;4;4;3;3;5;8.0
178;178;10;11;10;GP;8;M;18;U;LE3;T;4;3;teacher;services;course;mother;2;1;0;no;no;yes;yes;yes;yes;yes;no;4;2;3;1;2;1;10.333333333333334
179;179;10;9;9;GP;2;F;16;U;GT3;T;4;3;teacher;health;home;mother;1;3;0;yes;yes;yes;yes;yes;yes;yes;no;3;4;4;2;4;4;9.333333333333334
180;180;18;18;18;GP;6;F;17;R;LE3;T;3;1;services;other;reputation;mother;2;4;0;no;yes;yes;no;yes;yes;no;no;3;1;2;1;1;3;18.0
181;181;12;13;14;GP;6;M;16;U;LE3;T;2;1;at_home;other;course;mother;1;1;1;no;no;no;yes;yes;yes;no;yes;4;4;4;3;5;5;13.0
182;182;13;12;12;MS;2;M;18;R;LE3;T;1;1;at_home;other;other;mother;2;2;1;no;no;no;yes;no;no;no;no;4;4;3;2;3;5;12.333333333333334
183;183;12;12;12;GP;14;M;17;U;LE3;T;4;3;health;other;course;mother;2;2;0;no;no;no;yes;yes;yes;yes;yes;2;5;5;1;4;5;12.0
184;184;9;10;9;GP;9;F;18;U;GT3;T;4;3;other;other;course;mother;1;3;0;no;yes;yes;yes;yes;yes;yes;yes;4;3;4;1;1;5;9.333333333333334
185;185;14;14;14;GP;2;M;15;U;LE3;T;4;4;health;services;course;father;1;1;0;no;yes;yes;yes;yes;yes;yes;no;4;3;3;1;3;5;14.0
186;186;9;7;6;GP;18;M;16;U;LE3;T;1;1;other;other;home;mother;2;2;0;no;yes;yes;no;yes;yes;yes;no;3;4;2;1;1;5;7.333333333333333
187;187;15;14;14;GP;8;M;18;U;GT3;T;2;1;other;other;home;mother;1;2;0;no;no;no;yes;yes;yes;yes;no;5;2;4;1;2;4;14.333333333333334
188;188;10;9;0;GP;0;F;17;U;LE3;T;2;2;services;services;course;father;1;4;0;no;no;yes;yes;yes;yes;yes;yes;3;4;1;1;1;2;6.333333333333333
189;189;14;16;16;GP;0;M;15;U;GT3;A;2;2;other;other;home;other;1;3;0;no;yes;no;no;yes;yes;yes;yes;4;5;2;1;1;3;15.333333333333334
190;190;13;13;12;GP;0;M;16;U;LE3;T;2;2;other;other;reputation;mother;2;2;0;no;yes;no;yes;yes;yes;yes;no;5;4;4;2;4;5;12.666666666666666
191;191;11;13;14;GP;2;M;15;U;GT3;T;4;4;other;teacher;reputation;father;2;2;0;no;yes;no;yes;yes;yes;no;no;4;4;3;1;1;2;12.666666666666666
192;192;15;12;12;GP;0;M;19;R;GT3;T;3;3;other;services;reputation;father;1;2;1;no;no;no;yes;yes;yes;no;yes;4;5;3;1;2;5;13.0
193;193;8;9;10;GP;4;M;17;R;GT3;T;1;2;at_home;other;home;mother;1;2;0;no;no;no;no;yes;yes;no;no;3;1;3;1;5;3;9.0
194;194;6;5;0;GP;0;M;16;U;GT3;T;3;4;other;other;course;father;3;1;2;no;yes;no;yes;no;yes;yes;no;3;4;5;2;4;2;3.6666666666666665
195;195;16;15;15;MS;0;F;17;U;LE3;T;4;4;at_home;at_home;course;mother;1;2;0;no;yes;yes;yes;yes;yes;yes;yes;2;3;4;1;1;1;15.333333333333334
196;196;14;15;16;GP;0;F;16;U;GT3;T;4;2;health;services;home;father;1;2;0;no;no;yes;no;yes;yes;yes;yes;4;2;3;1;1;3;15.0
197;197;6;9;8;GP;14;F;16;U;GT3;T;2;2;services;services;home;mother;1;1;2;no;yes;yes;no;no;yes;yes;no;1;2;2;1;3;5;7.666666666666667
198;198;9;12;11;GP;3;M;18;U;GT3;T;4;4;other;other;course;mother;1;3;0;no;no;no;yes;yes;yes;yes;no;4;3;3;2;2;3;10.666666666666666
199;199;7;6;0;MS;0;F;17;R;GT3;T;1;1;other;services;reputation;mother;3;1;1;no;yes;yes;no;yes;yes;yes;yes;5;2;1;1;2;1;4.333333333333333
200;200;8;7;8;MS;8;M;19;R;GT3;T;1;1;other;services;home;other;3;2;3;no;no;no;no;yes;yes;yes;no;5;4;4;3;3;2;7.666666666666667
201;201;9;9;9;GP;22;M;18;U;GT3;T;4;4;teacher;services;home;mother;2;1;0;no;no;yes;yes;yes;yes;yes;no;3;2;4;1;4;3;9.0
202;202;16;15;15;GP;11;M;18;U;LE3;T;3;4;services;other;home;mother;1;2;0;no;no;no;yes;yes;yes;yes;yes;4;3;3;1;3;5;15.333333333333334
203;203;15;16;15;GP;7;M;16;R;GT3;A;4;4;other;teacher;reputation;mother;2;3;0;no;yes;no;yes;yes;yes;yes;yes;2;4;3;1;1;5;15.333333333333334
204;204;11;11;10;GP;0;F;17;R;GT3;T;3;4;at_home;services;course;father;1;3;0;no;yes;yes;yes;no;yes;yes;no;4;3;4;2;5;5;10.666666666666666
205;205;10;0;0;GP;0;M;17;R;GT3;T;3;4;at_home;other;course;mother;3;2;0;no;no;no;no;yes;yes;no;no;5;4;5;2;4;5;3.3333333333333335
206;206;7;8;8;GP;12;M;17;U;GT3;T;1;2;at_home;services;other;other;2;2;0;no;no;yes;yes;no;yes;yes;no;4;4;4;4;5;5;7.666666666666667
207;207;10;10;10;MS;4;M;18;R;GT3;T;1;3;at_home;other;course;mother;2;2;0;no;yes;yes;no;yes;yes;no;no;3;3;4;2;4;3;10.0
208;208;14;15;15;GP;0;F;15;U;GT3;A;4;3;services;services;reputation;mother;1;2;0;no;yes;yes;yes;yes;yes;yes;no;4;3;2;1;1;1;14.666666666666666
209;209;11;9;10;GP;10;M;16;U;GT3;T;3;2;at_home;other;reputation;mother;2;3;0;no;no;no;yes;yes;yes;yes;yes;5;3;3;1;3;2;10.0
210;210;15;15;16;GP;2;M;16;U;GT3;T;4;4;teacher;teacher;course;father;1;2;0;no;yes;no;yes;yes;yes;yes;no;5;4;4;1;2;5;15.333333333333334
211;211;12;13;12;GP;14;F;16;U;GT3;T;3;2;other;other;reputation;mother;1;2;0;no;yes;yes;no;yes;yes;yes;no;1;2;2;1;2;1;12.333333333333334
212;212;6;5;0;MS;0;M;19;R;GT3;T;1;1;other;services;other;mother;2;1;1;no;no;no;no;yes;yes;no;no;4;3;2;1;3;5;3.6666666666666665
213;213;9;9;9;GP;8;M;15;R;GT3;T;2;1;health;services;reputation;mother;1;2;0;no;no;no;yes;yes;yes;yes;yes;5;4;2;1;1;5;9.0
214;214;10;11;12;GP;2;M;17;R;LE3;A;4;4;teacher;other;course;mother;2;2;0;no;yes;yes;no;yes;yes;yes;no;3;3;3;2;3;4;11.0
215;215;6;5;5;MS;14;F;17;R;GT3;T;1;2;other;other;course;mother;1;1;0;no;no;no;yes;yes;yes;yes;no;3;5;5;1;3;1;5.333333333333333
216;216;7;0;0;GP;0;F;18;U;GT3;T;2;1;other;other;course;other;2;3;0;no;yes;yes;no;no;yes;yes;yes;4;4;4;1;1;3;2.3333333333333335
217;217;12;0;0;GP;0;F;15;R;GT3;T;3;4;services;teacher;course;father;2;3;2;no;yes;no;no;yes;yes;yes;yes;4;2;2;2;2;5;4.0
218;218;8;7;9;GP;6;F;17;U;GT3;A;3;3;health;other;reputation;mother;1;2;0;no;yes;no;no;no;yes;yes;yes;3;3;3;1;3;3;8.0
219;219;4;0;0;GP;0;F;16;U;GT3;A;3;3;other;other;course;other;2;1;2;no;yes;no;yes;no;yes;yes;yes;4;3;2;1;1;5;1.3333333333333333
220;220;9;7;8;GP;20;M;17;R;GT3;T;1;3;other;other;course;father;3;2;1;no;yes;no;yes;yes;yes;yes;no;5;2;4;1;4;5;8.0
221;221;11;10;10;MS;0;F;18;U;GT3;T;2;3;at_home;services;course;father;2;1;0;no;yes;yes;no;yes;yes;yes;yes;5;2;3;1;2;4;10.333333333333334
222;222;11;10;11;GP;4;M;15;U;GT3;T;2;3;other;other;home;mother;1;3;0;yes;no;yes;no;no;yes;yes;no;5;3;2;1;2;5;10.666666666666666
223;223;10;10;10;GP;4;M;16;U;GT3;T;2;2;other;other;course;father;1;2;0;no;no;no;no;yes;no;yes;no;4;3;5;2;4;4;10.0
224;224;14;16;16;MS;3;M;17;U;LE3;T;3;1;services;services;course;mother;2;1;0;no;no;no;no;no;yes;yes;no;2;4;5;3;4;2;15.333333333333334
225;225;8;10;10;GP;4;F;16;U;GT3;T;3;3;other;other;reputation;mother;3;2;0;yes;yes;no;yes;yes;yes;no;no;5;3;2;1;1;4;9.333333333333334
226;226;12;12;11;GP;0;M;16;U;LE3;T;2;2;other;other;home;mother;1;2;0;no;no;no;no;yes;yes;yes;no;4;4;4;1;1;3;11.666666666666666
227;227;7;6;6;GP;10;F;15;U;LE3;T;3;2;services;other;reputation;mother;1;2;0;no;yes;yes;no;yes;yes;yes;no;4;4;4;1;1;5;6.333333333333333
228;228;9;10;0;GP;0;F;18;U;GT3;T;2;2;at_home;services;home;mother;1;3;0;no;yes;yes;yes;yes;yes;yes;yes;4;3;3;1;1;3;6.333333333333333
229;229;13;12;12;GP;1;M;18;R;GT3;T;3;2;other;other;course;mother;1;3;0;no;no;no;yes;no;yes;no;no;5;3;2;1;1;3;12.333333333333334
230;230;10;13;13;GP;6;F;16;U;GT3;T;2;2;at_home;other;home;mother;1;2;1;yes;no;no;yes;yes;yes;yes;no;3;1;2;1;1;5;12.0
231;231;13;13;14;GP;7;F;18;U;GT3;T;3;2;other;services;other;mother;1;3;0;no;no;no;no;yes;yes;yes;yes;5;4;3;2;3;1;13.333333333333334
232;232;13;12;12;GP;6;F;17;U;GT3;T;1;1;services;teacher;reputation;mother;1;3;0;no;yes;yes;no;yes;yes;yes;no;4;3;3;1;1;3;12.333333333333334
233;233;7;9;8;GP;0;F;16;U;GT3;T;4;3;other;at_home;course;mother;1;3;0;yes;yes;yes;no;yes;yes;yes;no;5;3;5;1;1;3;8.0
234;234;8;8;8;GP;10;F;19;U;GT3;T;3;3;other;other;reputation;other;1;4;0;no;yes;yes;yes;yes;yes;yes;no;4;3;3;1;2;3;8.0
235;235;19;19;20;GP;4;M;16;U;GT3;T;4;3;health;services;reputation;mother;1;4;0;no;no;no;yes;yes;yes;yes;no;4;2;2;1;1;2;19.333333333333332
236;236;10;8;8;GP;10;F;18;U;LE3;T;4;3;other;other;home;other;2;2;0;no;yes;yes;no;yes;yes;yes;yes;4;4;5;1;2;2;8.666666666666666
237;237;16;15;16;GP;5;M;18;U;LE3;T;4;4;teacher;teacher;home;mother;1;1;0;no;yes;yes;no;yes;yes;yes;yes;1;4;2;2;2;1;15.666666666666666
238;238;6;9;8;GP;4;M;18;U;GT3;T;2;1;services;services;other;mother;1;1;1;no;no;no;no;no;no;yes;no;3;2;5;2;5;5;7.666666666666667
239;239;14;13;13;GP;4;M;17;U;LE3;T;2;2;other;other;home;father;1;2;0;no;no;yes;yes;no;yes;yes;yes;4;4;2;5;5;4;13.333333333333334
240;240;13;13;11;GP;2;F;16;U;GT3;T;2;2;services;other;reputation;mother;2;2;0;no;no;yes;yes;no;yes;yes;no;3;4;4;1;4;5;12.333333333333334
241;241;8;10;10;GP;12;F;17;R;LE3;T;4;4;services;other;other;mother;1;1;0;no;yes;yes;no;yes;yes;no;no;5;2;1;1;2;3;9.333333333333334
242;242;6;5;6;GP;6;F;17;U;GT3;A;4;4;other;teacher;home;mother;2;2;0;yes;yes;no;no;yes;yes;no;no;4;1;4;1;1;1;5.666666666666667
243;243;7;9;8;GP;6;F;15;U;GT3;T;4;4;services;services;reputation;father;2;2;2;no;no;yes;no;yes;yes;yes;yes;4;4;4;2;3;5;8.0
244;244;9;10;10;GP;2;F;15;U;GT3;T;1;1;other;other;home;father;1;2;0;no;yes;no;yes;no;yes;yes;no;4;3;2;2;3;4;9.666666666666666
245;245;7;7;6;GP;4;F;16;U;GT3;T;3;1;services;other;course;mother;1;4;0;yes;yes;yes;no;yes;yes;yes;no;4;3;3;1;2;5;6.666666666666667
246;246;14;11;13;GP;18;M;16;U;GT3;T;4;4;health;other;course;mother;1;1;0;no;yes;no;yes;yes;yes;yes;no;3;4;4;1;4;5;12.666666666666666
247;247;8;6;5;GP;2;F;15;R;GT3;T;1;1;other;other;reputation;mother;1;2;2;yes;yes;no;no;no;yes;yes;yes;3;3;4;2;4;5;6.333333333333333
248;248;8;11;11;GP;0;F;15;U;GT3;T;1;1;other;services;course;father;1;2;0;no;yes;yes;no;yes;yes;yes;no;4;4;2;1;2;5;10.0
249;249;9;9;10;GP;2;M;17;U;GT3;T;3;1;services;other;other;mother;1;2;0;no;no;yes;yes;yes;yes;yes;yes;5;4;4;3;4;5;9.333333333333334
250;250;13;14;14;GP;4;F;15;U;GT3;T;4;2;other;other;reputation;mother;1;3;0;no;yes;no;yes;yes;yes;yes;no;5;3;3;1;3;1;13.666666666666666
251;251;8;8;0;GP;0;F;18;U;GT3;T;2;1;services;other;course;mother;2;2;0;no;yes;yes;yes;yes;yes;yes;no;5;3;3;1;2;1;5.333333333333333
252;252;13;11;10;GP;0;M;17;U;LE3;T;4;4;teacher;other;reputation;mother;1;2;0;no;yes;yes;yes;yes;yes;yes;no;4;4;4;1;3;5;11.333333333333334
253;253;7;6;6;GP;4;F;16;U;LE3;T;3;1;other;other;home;father;1;2;0;yes;yes;no;no;yes;yes;no;no;3;3;3;2;3;2;6.333333333333333
254;254;8;8;8;GP;2;M;18;U;GT3;T;4;3;teacher;other;course;mother;1;2;0;no;yes;yes;no;no;yes;yes;no;4;3;2;1;1;3;8.0
255;255;11;12;11;GP;54;F;16;U;GT3;T;3;3;other;services;home;mother;1;2;0;yes;yes;yes;yes;yes;yes;yes;no;4;3;3;2;4;5;11.333333333333334
256;256;10;9;9;GP;28;F;17;U;GT3;T;3;4;at_home;services;home;mother;1;3;1;no;yes;yes;no;yes;yes;yes;yes;4;4;3;3;4;5;9.333333333333334
257;257;14;12;11;MS;10;F;18;R;GT3;T;4;4;other;teacher;other;father;3;2;0;no;yes;yes;no;no;yes;yes;yes;3;2;2;4;2;5;12.333333333333334
258;258;5;9;7;GP;6;M;15;R;GT3;T;3;2;other;other;course;mother;2;2;2;yes;yes;no;no;yes;yes;yes;yes;4;4;4;1;4;3;7.0
259;259;9;0;0;GP;0;M;15;R;GT3;T;3;4;at_home;teacher;course;mother;4;2;0;no;yes;no;no;yes;yes;no;yes;5;3;3;1;1;5;3.0
260;260;18;19;19;GP;6;M;15;U;LE3;A;4;4;teacher;teacher;course;mother;1;1;0;no;no;no;yes;yes;yes;yes;no;5;5;3;1;1;4;18.666666666666668
261;261;16;16;17;GP;2;F;16;U;GT3;T;2;3;services;teacher;other;mother;1;2;0;yes;no;no;no;yes;yes;yes;no;2;3;1;1;1;3;16.333333333333332
262;262;10;10;11;GP;2;M;15;U;GT3;T;4;3;teacher;other;course;mother;2;2;0;no;yes;yes;no;yes;yes;yes;no;5;4;3;1;2;3;10.333333333333334
263;263;8;12;12;GP;0;M;17;R;GT3;T;2;1;other;other;course;mother;1;1;0;no;no;no;no;no;yes;yes;no;4;4;2;2;4;5;10.666666666666666
264;264;12;12;13;GP;12;F;18;U;LE3;T;2;1;services;at_home;reputation;mother;1;2;1;no;no;no;no;yes;yes;yes;yes;5;4;3;1;1;5;12.333333333333334
265;265;6;5;6;GP;4;M;17;U;GT3;T;3;3;other;other;reputation;father;1;2;0;no;no;no;yes;no;yes;yes;no;4;3;4;1;4;4;5.666666666666667
266;266;9;8;8;GP;10;M;16;U;GT3;T;4;3;teacher;other;home;mother;1;2;0;no;yes;yes;yes;yes;yes;yes;no;3;4;3;2;3;3;8.333333333333334
267;267;10;8;9;GP;14;M;18;U;LE3;T;2;1;at_home;other;course;mother;4;2;0;yes;yes;yes;yes;yes;yes;yes;yes;4;3;2;4;5;3;9.0
268;268;18;18;18;GP;8;M;16;R;GT3;T;4;4;teacher;teacher;course;mother;1;1;0;no;no;yes;yes;yes;yes;yes;no;3;5;5;2;5;4;18.0
269;269;15;14;15;MS;4;F;20;U;GT3;T;4;2;health;other;course;other;2;3;2;no;yes;yes;no;no;yes;yes;yes;5;4;3;1;1;3;14.666666666666666
270;270;9;10;9;GP;2;M;15;U;LE3;T;1;2;other;at_home;home;father;1;2;0;yes;yes;no;yes;yes;yes;yes;no;4;3;2;1;1;5;9.333333333333334
271;271;7;9;0;GP;0;M;15;U;GT3;T;4;3;teacher;services;course;father;2;4;0;yes;yes;no;no;yes;yes;yes;no;2;2;2;1;1;3;5.333333333333333
272;272;7;6;0;GP;0;M;16;U;GT3;T;4;4;teacher;teacher;course;mother;1;1;0;no;yes;no;no;yes;no;yes;yes;3;3;2;2;1;5;4.333333333333333
273;273;10;9;9;GP;4;F;17;U;GT3;T;3;3;other;other;home;mother;1;3;0;no;no;no;yes;no;yes;no;no;3;2;3;1;1;4;9.333333333333334
274;274;10;10;10;GP;8;F;15;R;GT3;T;3;3;services;services;reputation;other;2;3;2;no;yes;yes;yes;yes;yes;yes;yes;4;2;1;2;3;3;10.0
275;275;10;10;11;GP;6;F;16;R;GT3;T;2;2;services;services;reputation;mother;2;4;0;no;yes;yes;yes;no;yes;yes;no;5;3;5;1;1;5;10.333333333333334
276;276;10;11;9;GP;4;F;16;U;LE3;T;3;3;other;other;reputation;mother;2;2;0;no;yes;yes;yes;yes;yes;yes;no;4;4;5;1;1;4;10.0
277;277;11;15;15;GP;2;M;16;R;GT3;T;4;3;services;other;reputation;mother;2;1;0;yes;yes;no;yes;no;yes;yes;no;3;3;3;1;1;4;13.666666666666666
278;278;12;10;10;GP;18;F;19;U;LE3;T;1;1;at_home;other;reputation;other;1;2;1;yes;yes;no;yes;no;yes;yes;no;4;4;3;1;3;3;10.666666666666666
279;279;18;18;18;GP;24;F;17;U;GT3;T;4;4;services;teacher;home;mother;2;1;1;no;yes;no;no;yes;yes;yes;no;4;2;4;2;3;2;18.0
280;280;12;10;11;GP;14;F;18;U;LE3;A;4;4;health;other;home;mother;1;2;0;no;yes;no;no;yes;yes;yes;yes;4;2;4;1;1;4;11.0
281;281;14;15;15;GP;0;F;17;U;LE3;T;2;4;services;services;course;father;1;2;0;no;no;no;yes;yes;yes;yes;yes;4;3;2;1;1;5;14.666666666666666
282;282;6;6;6;GP;2;F;17;R;GT3;T;2;1;at_home;services;reputation;mother;2;2;0;no;yes;no;yes;yes;yes;yes;no;4;2;5;1;2;5;6.0
283;283;16;15;15;GP;16;F;17;U;GT3;T;3;4;services;other;course;mother;1;3;0;no;no;no;no;yes;yes;yes;no;4;4;5;1;3;5;15.333333333333334
284;284;17;17;17;GP;13;M;18;R;LE3;A;3;4;other;other;reputation;mother;2;2;0;no;yes;yes;yes;yes;yes;yes;no;4;2;5;3;4;1;17.0
285;285;8;7;0;GP;0;F;16;U;GT3;T;1;3;at_home;services;home;mother;1;2;3;no;no;no;yes;no;yes;yes;yes;4;3;5;1;1;3;5.0
286;286;3;5;5;GP;8;M;18;R;LE3;T;3;3;other;services;course;mother;1;2;1;no;yes;no;no;yes;yes;yes;yes;4;3;3;1;3;5;4.333333333333333
287;287;14;15;15;GP;2;F;17;U;LE3;T;3;2;other;other;reputation;mother;2;2;0;no;no;yes;no;yes;yes;yes;no;4;4;4;1;3;1;14.666666666666666
288;288;12;14;14;GP;7;F;17;R;GT3;T;2;4;at_home;other;course;father;1;3;0;no;yes;no;no;yes;yes;yes;yes;4;4;3;1;1;5;13.333333333333334
289;289;11;12;13;GP;10;F;16;U;GT3;T;4;3;teacher;other;other;mother;1;2;0;no;no;yes;yes;yes;yes;yes;yes;1;3;2;1;1;1;12.0
290;290;10;9;9;GP;4;M;17;U;LE3;T;4;3;teacher;other;course;mother;2;2;0;no;no;yes;yes;yes;yes;yes;no;4;4;4;4;4;4;9.333333333333334
291;291;11;8;8;GP;2;M;15;R;GT3;T;2;3;at_home;services;course;mother;1;2;0;yes;no;yes;yes;yes;yes;no;no;4;4;4;1;1;1;9.0
292;292;14;12;13;GP;6;F;17;U;LE3;T;4;2;teacher;services;reputation;mother;1;4;0;no;yes;yes;yes;yes;yes;yes;no;4;2;3;1;1;4;13.0
293;293;16;16;15;GP;0;F;15;U;GT3;T;4;4;teacher;teacher;course;mother;2;1;0;no;no;no;yes;yes;yes;yes;no;4;3;2;1;1;5;15.666666666666666
294;294;8;7;6;GP;0;F;15;U;GT3;T;2;3;other;other;other;father;2;1;0;no;yes;no;yes;yes;yes;no;no;3;5;1;1;1;5;7.0
295;295;17;18;18;GP;21;F;18;U;GT3;T;4;3;services;other;home;father;1;2;0;no;yes;yes;no;yes;yes;yes;yes;3;1;2;1;3;2;17.666666666666668
296;296;6;5;5;MS;14;M;18;R;GT3;T;4;2;other;other;home;father;2;1;1;no;no;yes;no;yes;yes;no;no;5;4;3;4;3;3;5.333333333333333
297;297;7;8;8;GP;8;F;15;U;GT3;T;2;2;other;other;course;mother;1;4;0;yes;yes;yes;no;yes;yes;yes;no;5;1;2;1;1;3;7.666666666666667
298;298;16;15;15;GP;10;F;17;U;GT3;T;3;2;other;other;course;mother;1;2;0;no;no;no;yes;no;yes;yes;no;5;3;4;1;3;3;15.333333333333334
299;299;10;9;9;MS;0;F;18;U;GT3;T;3;3;services;services;course;father;1;2;0;no;yes;no;no;yes;yes;no;yes;5;3;4;1;1;5;9.333333333333334
300;300;10;10;10;GP;0;M;15;U;GT3;T;4;2;other;other;course;mother;1;4;0;no;no;no;no;yes;yes;yes;no;3;3;3;1;1;3;10.0
301;301;10;9;9;GP;7;F;17;U;GT3;T;4;4;teacher;services;course;mother;1;3;0;no;yes;yes;yes;yes;yes;yes;no;5;4;4;1;3;4;9.333333333333334
302;302;18;19;19;GP;10;M;15;U;LE3;T;4;2;teacher;other;course;mother;1;1;0;no;no;no;no;yes;yes;yes;no;3;5;2;1;1;3;18.666666666666668
303;303;14;13;13;GP;12;F;19;R;GT3;A;3;1;services;at_home;home;other;1;3;1;no;no;yes;no;yes;yes;no;no;5;4;3;1;2;5;13.333333333333334
304;304;8;8;10;GP;2;M;17;U;GT3;T;2;1;other;other;home;mother;2;1;3;yes;yes;no;yes;yes;no;yes;no;4;5;1;1;1;3;8.666666666666666
305;305;8;0;0;GP;0;F;15;U;GT3;T;1;1;at_home;other;course;mother;3;1;0;no;yes;no;yes;no;yes;yes;yes;4;3;3;1;2;4;2.6666666666666665
306;306;14;15;15;GP;0;M;15;U;GT3;T;3;4;other;other;home;mother;1;2;0;no;yes;yes;yes;yes;yes;yes;no;5;5;1;1;1;5;14.666666666666666
307;307;17;16;17;GP;0;M;15;U;GT3;T;4;4;services;services;reputation;mother;2;2;0;no;yes;no;yes;yes;yes;yes;no;4;3;1;1;1;5;16.666666666666668
308;308;5;0;0;GP;0;M;17;U;GT3;T;2;1;other;other;home;mother;1;1;3;no;yes;no;no;yes;yes;yes;no;5;4;5;1;2;5;1.6666666666666667
309;309;15;15;15;MS;0;F;18;U;GT3;T;3;3;other;other;home;mother;1;2;0;no;no;yes;no;yes;yes;yes;yes;4;1;3;1;2;1;15.0
310;310;14;13;14;GP;0;F;18;U;GT3;T;4;3;other;other;reputation;father;1;4;0;no;yes;yes;no;yes;yes;yes;no;4;3;3;1;1;3;13.666666666666666
311;311;11;9;9;GP;12;F;17;U;GT3;T;2;2;other;other;course;mother;1;2;0;no;yes;no;no;yes;yes;no;yes;4;2;2;1;1;3;9.666666666666666
312;312;11;10;10;GP;4;F;18;U;GT3;T;2;3;at_home;other;course;mother;1;3;0;no;yes;no;no;yes;yes;yes;no;4;3;3;1;2;3;10.333333333333334
313;313;17;17;18;GP;0;F;17;U;GT3;T;3;2;health;health;reputation;father;1;4;0;no;yes;yes;yes;no;yes;yes;no;5;2;2;1;2;5;17.333333333333332
314;314;11;12;13;GP;10;F;16;U;GT3;T;2;3;services;services;course;mother;1;2;0;no;no;no;no;yes;yes;yes;no;4;3;3;1;1;2;12.0
315;315;11;11;11;GP;2;F;18;U;GT3;T;4;4;teacher;other;course;mother;1;2;0;no;yes;yes;no;yes;yes;yes;no;4;4;4;3;3;5;11.0
316;316;8;9;8;GP;2;F;15;R;LE3;T;2;2;health;services;reputation;mother;2;2;0;yes;yes;yes;no;yes;yes;yes;no;4;1;3;1;3;4;8.333333333333334
317;317;9;9;9;GP;15;F;19;U;GT3;T;3;3;other;services;home;other;1;2;2;no;yes;yes;yes;yes;yes;yes;no;4;3;5;3;3;5;9.0
318;318;14;13;13;GP;6;M;15;U;GT3;T;3;4;other;other;reputation;father;1;1;0;no;no;no;no;yes;yes;yes;no;3;4;3;1;2;4;13.333333333333334
319;319;10;9;10;MS;2;F;18;R;GT3;T;2;2;at_home;other;other;mother;2;3;0;no;no;yes;no;yes;yes;no;no;5;3;3;1;3;4;9.666666666666666
320;320;12;12;13;GP;4;M;17;U;GT3;T;2;3;other;other;course;father;2;1;0;no;no;no;no;yes;yes;yes;no;5;2;2;1;1;2;12.333333333333334
321;321;12;11;11;GP;11;M;18;U;GT3;T;4;2;teacher;other;home;mother;1;2;0;no;yes;yes;yes;yes;yes;yes;yes;4;3;2;1;4;5;11.333333333333334
322;322;8;8;9;GP;0;F;17;U;GT3;T;1;1;at_home;services;course;mother;1;2;0;no;no;no;yes;yes;yes;yes;no;5;3;3;1;1;3;8.333333333333334
323;323;12;13;13;GP;2;F;16;U;LE3;T;2;2;services;services;course;mother;3;2;0;no;yes;yes;no;yes;yes;yes;no;4;3;3;2;3;4;12.666666666666666
324;324;13;11;11;MS;4;M;17;R;GT3;T;4;3;services;other;home;mother;2;2;0;no;yes;yes;yes;no;yes;yes;yes;4;5;5;1;3;2;11.666666666666666
325;325;16;15;15;GP;2;F;15;U;GT3;T;1;2;at_home;services;course;mother;1;2;0;no;no;no;no;no;yes;yes;no;3;2;3;1;2;1;15.333333333333334
326;326;12;12;11;MS;2;F;17;U;LE3;A;3;2;services;other;reputation;mother;2;2;0;no;no;no;no;yes;yes;no;yes;1;2;3;1;2;5;11.666666666666666
327;327;6;0;0;GP;0;M;16;U;LE3;T;4;3;teacher;other;course;mother;1;1;0;no;no;no;yes;no;yes;yes;no;5;4;5;1;1;3;2.0
328;328;11;12;11;GP;12;F;16;U;LE3;A;3;3;other;services;home;mother;1;2;0;no;yes;no;no;yes;yes;yes;no;2;3;5;1;4;3;11.333333333333334
329;329;8;9;8;GP;0;M;16;R;GT3;T;2;1;other;other;course;mother;2;1;0;no;no;no;yes;no;yes;no;no;3;3;2;1;3;3;8.333333333333334
330;330;14;14;14;GP;0;F;16;U;GT3;T;4;4;health;health;reputation;mother;1;2;0;no;yes;yes;no;yes;yes;yes;yes;4;4;2;1;1;3;14.0
331;331;11;11;10;MS;0;F;18;U;GT3;T;3;3;services;services;other;mother;2;2;0;no;yes;no;no;yes;yes;yes;yes;4;3;2;1;3;3;10.666666666666666
332;332;7;7;7;GP;2;F;15;U;GT3;T;4;4;services;teacher;other;father;1;2;1;yes;yes;no;yes;no;yes;yes;no;4;4;4;1;1;3;7.0
333;333;13;15;16;GP;2;M;16;U;GT3;T;1;0;other;other;reputation;mother;2;2;0;no;yes;yes;yes;yes;yes;yes;yes;4;3;2;1;1;3;14.666666666666666
334;334;15;15;15;GP;0;F;17;U;GT3;T;4;3;health;services;reputation;mother;1;3;0;no;yes;yes;no;yes;yes;yes;no;4;2;2;1;2;3;15.0
335;335;11;10;10;GP;12;M;16;U;GT3;T;2;2;services;other;reputation;father;2;2;1;no;no;yes;yes;no;yes;yes;no;4;4;2;1;1;3;10.333333333333334
336;336;12;12;12;GP;1;F;18;R;LE3;T;1;1;at_home;other;reputation;mother;2;4;0;no;yes;yes;yes;yes;yes;no;no;5;2;2;1;1;3;12.0
337;337;8;10;11;GP;0;F;15;U;GT3;T;4;4;services;services;course;mother;1;1;0;yes;yes;yes;no;yes;yes;yes;no;3;3;4;2;3;5;9.666666666666666
338;338;9;8;8;GP;15;F;18;U;GT3;T;4;4;health;health;reputation;father;1;2;1;yes;yes;no;yes;yes;yes;yes;yes;2;4;4;1;1;4;8.333333333333334
339;339;15;16;16;GP;2;F;16;U;GT3;T;4;2;services;other;course;mother;1;2;0;no;yes;no;no;yes;yes;yes;no;4;2;3;1;1;5;15.666666666666666
340;340;8;8;6;GP;8;F;15;U;LE3;A;4;3;other;other;course;mother;1;2;0;yes;yes;yes;yes;yes;yes;yes;yes;5;2;2;1;1;5;7.333333333333333
341;341;11;9;9;GP;14;M;17;U;GT3;T;4;4;teacher;teacher;reputation;mother;1;2;0;yes;yes;no;yes;yes;yes;yes;yes;4;5;5;1;3;2;9.666666666666666
342;342;7;8;10;GP;10;F;15;U;LE3;T;1;1;at_home;other;other;mother;1;2;3;yes;no;yes;no;yes;yes;yes;no;4;3;2;2;3;3;8.333333333333334
343;343;18;16;16;MS;0;F;18;U;LE3;T;1;1;at_home;services;course;father;2;3;0;no;no;no;no;yes;yes;yes;no;5;3;2;1;1;4;16.666666666666668
344;344;8;10;10;GP;4;M;16;U;LE3;T;4;3;health;other;home;father;1;1;0;no;no;yes;yes;yes;yes;yes;no;3;1;3;1;3;5;9.333333333333334
345;345;6;8;8;GP;0;M;18;U;GT3;T;3;2;services;other;course;mother;2;1;1;no;no;no;no;yes;no;yes;no;4;4;5;2;4;5;7.333333333333333
346;346;6;6;4;GP;22;F;17;U;GT3;T;4;3;other;other;reputation;mother;1;2;2;no;no;yes;no;yes;yes;yes;yes;3;4;5;2;4;1;5.333333333333333
347;347;7;10;10;GP;2;F;15;R;GT3;T;1;1;at_home;other;home;mother;2;4;1;yes;yes;yes;yes;yes;yes;yes;no;3;1;2;1;1;1;9.0
348;348;17;15;15;GP;2;M;16;R;GT3;T;2;2;at_home;other;course;mother;3;1;0;no;no;no;no;no;yes;no;no;4;2;2;1;2;3;15.666666666666666
349;349;13;11;11;GP;2;F;17;R;GT3;T;2;1;at_home;services;course;mother;3;2;0;no;no;no;yes;yes;yes;no;no;2;1;1;1;1;3;11.666666666666666
350;350;10;12;12;GP;4;M;16;U;GT3;T;3;3;other;services;course;father;1;2;1;no;yes;yes;no;yes;yes;yes;yes;4;5;5;4;4;5;11.333333333333334
351;351;9;9;10;GP;8;M;16;R;LE3;T;3;3;teacher;other;home;father;3;1;0;no;yes;yes;yes;yes;yes;yes;no;3;3;4;3;5;3;9.333333333333334
352;352;9;8;7;GP;16;F;18;R;GT3;T;3;1;other;other;reputation;mother;1;2;1;no;no;no;yes;yes;yes;yes;yes;5;3;3;1;1;4;8.0
353;353;10;8;9;GP;0;F;15;U;GT3;T;4;4;teacher;health;reputation;mother;1;2;0;no;yes;yes;no;yes;yes;yes;no;3;3;3;1;2;2;9.0
354;354;15;14;14;GP;2;M;17;R;GT3;T;1;2;at_home;at_home;home;mother;1;2;0;no;yes;yes;yes;no;yes;no;yes;3;5;2;2;2;1;14.333333333333334
355;355;13;11;11;MS;8;F;17;U;GT3;T;2;2;other;at_home;home;mother;1;3;0;no;no;no;yes;yes;yes;no;yes;3;4;3;1;1;3;11.666666666666666
356;356;13;11;11;GP;40;F;19;R;GT3;T;2;3;other;other;reputation;other;1;3;1;no;no;no;no;yes;yes;yes;yes;4;1;2;1;1;3;11.666666666666666
357;357;9;9;9;MS;11;M;20;U;LE3;A;2;2;services;services;course;other;1;2;2;no;yes;yes;no;yes;yes;no;no;5;5;4;4;5;4;9.0
358;358;16;18;18;GP;0;M;15;U;GT3;A;3;4;services;other;course;mother;1;2;0;no;yes;yes;yes;yes;yes;yes;no;5;4;4;1;1;1;17.333333333333332
359;359;11;0;0;GP;0;F;15;U;GT3;T;4;4;services;at_home;course;mother;1;3;0;no;yes;no;yes;yes;yes;yes;yes;4;3;3;1;1;5;3.6666666666666665
360;360;13;15;15;GP;0;M;16;U;GT3;T;3;1;other;other;reputation;father;2;4;0;no;yes;yes;no;yes;yes;yes;no;4;3;2;1;1;5;14.333333333333334
361;361;11;10;10;GP;0;F;16;U;GT3;T;4;2;teacher;services;home;mother;2;2;0;no;yes;yes;yes;yes;yes;yes;no;5;3;3;1;1;1;10.333333333333334
362;362;9;9;0;GP;0;F;19;U;LE3;T;1;2;services;services;home;other;1;2;1;no;no;no;yes;no;yes;no;yes;4;2;4;2;2;3;6.0
363;363;16;15;17;GP;7;F;18;U;LE3;T;3;3;services;services;home;mother;1;4;0;no;yes;no;no;yes;yes;yes;no;5;3;3;1;1;1;16.0
364;364;16;18;18;GP;2;M;16;U;GT3;T;3;3;services;other;home;father;1;3;0;no;yes;no;yes;yes;yes;yes;no;5;3;3;1;1;5;17.333333333333332
365;365;6;5;0;GP;0;M;18;U;LE3;T;1;1;other;other;course;mother;1;1;3;no;no;no;no;yes;no;yes;yes;2;3;5;2;5;4;3.6666666666666665
366;366;16;16;16;GP;12;F;15;R;LE3;T;3;1;other;other;reputation;father;2;4;0;no;yes;no;no;no;yes;yes;no;4;4;2;2;3;3;16.0
367;367;12;15;15;GP;0;M;15;U;GT3;T;4;4;health;health;other;father;1;1;0;no;yes;yes;no;yes;yes;yes;no;5;4;2;1;1;5;14.0
368;368;11;12;11;GP;4;F;19;U;GT3;T;2;1;services;services;home;other;1;3;1;no;no;yes;yes;yes;yes;yes;yes;4;3;4;1;3;3;11.333333333333334
369;369;12;10;11;GP;8;F;18;R;GT3;T;4;4;teacher;other;reputation;mother;2;2;0;no;no;yes;yes;yes;yes;yes;no;4;3;4;2;2;4;11.0
370;370;8;8;10;MS;2;F;18;R;GT3;T;1;1;other;other;home;mother;4;3;0;no;no;no;no;yes;yes;yes;no;4;3;2;1;2;4;8.666666666666666
371;371;13;13;13;MS;0;M;18;U;LE3;T;4;4;teacher;services;other;mother;2;3;0;no;no;yes;no;yes;yes;yes;yes;4;2;2;2;2;5;13.0
372;372;10;10;0;GP;0;M;18;U;GT3;T;4;4;teacher;services;home;father;1;2;1;no;yes;no;yes;yes;yes;yes;no;4;3;3;2;2;2;6.666666666666667
373;373;10;11;11;GP;2;F;15;U;GT3;T;1;2;at_home;other;course;mother;1;2;0;no;yes;yes;no;no;yes;yes;no;4;3;2;1;1;5;10.666666666666666
374;374;11;14;14;GP;6;F;16;U;GT3;T;4;4;other;other;reputation;mother;1;1;0;no;no;no;yes;no;yes;yes;no;5;3;4;1;2;1;13.0
375;375;11;11;12;GP;0;F;17;U;GT3;T;4;4;other;teacher;course;mother;1;1;0;yes;yes;no;no;yes;yes;no;yes;4;2;1;1;1;4;11.333333333333334
376;376;15;16;15;GP;4;M;15;U;GT3;T;4;2;health;services;other;mother;1;1;0;no;no;yes;no;yes;yes;yes;no;2;2;4;2;4;1;15.333333333333334
377;377;8;10;9;GP;4;F;16;U;LE3;T;1;2;other;services;reputation;father;1;2;0;yes;no;no;yes;yes;yes;yes;no;4;4;3;1;1;1;9.0
378;378;6;7;8;GP;15;M;18;U;GT3;T;2;2;services;other;home;mother;1;2;1;no;yes;yes;yes;yes;yes;yes;no;4;4;4;2;4;5;7.0
379;379;7;6;7;MS;5;M;18;R;GT3;T;2;1;other;other;other;mother;2;1;0;no;no;no;yes;no;yes;yes;yes;4;4;3;1;3;5;6.666666666666667
380;380;7;9;8;GP;2;M;17;U;LE3;T;1;1;health;other;course;mother;2;1;1;no;yes;no;yes;yes;yes;yes;no;4;4;4;1;2;5;8.0
381;381;15;15;15;GP;10;M;16;U;LE3;T;4;3;services;other;reputation;mother;1;2;0;no;yes;yes;yes;yes;yes;yes;no;5;4;2;1;2;5;15.0
382;382;13;14;15;GP;0;M;15;U;GT3;T;4;3;teacher;other;reputation;mother;1;2;0;no;no;no;no;yes;yes;yes;no;4;4;1;1;1;1;14.0
383;383;16;15;15;GP;0;F;17;U;LE3;T;0;2;at_home;at_home;home;father;2;3;0;no;no;no;no;yes;yes;yes;no;3;3;3;2;3;2;15.333333333333334
384;384;15;16;18;GP;2;M;15;U;LE3;T;4;3;teacher;services;home;mother;1;3;0;no;yes;no;yes;yes;yes;yes;no;5;4;3;1;1;4;16.333333333333332
385;385;10;9;0;GP;0;F;18;R;GT3;T;2;2;at_home;other;course;mother;2;4;0;no;no;no;yes;yes;yes;no;no;4;4;4;1;1;4;6.333333333333333
386;386;10;11;11;GP;10;F;15;U;GT3;A;3;3;other;health;reputation;father;1;4;0;yes;no;no;no;yes;yes;no;no;4;3;3;1;1;4;10.666666666666666
387;387;9;11;12;GP;0;M;15;U;GT3;T;4;4;health;services;home;mother;1;2;0;no;yes;yes;no;no;yes;yes;no;5;4;2;3;4;5;10.666666666666666
388;388;10;13;13;GP;6;F;15;U;LE3;A;3;3;other;other;other;mother;1;1;0;no;no;yes;no;yes;yes;yes;no;5;3;4;4;4;1;12.0
389;389;13;13;12;GP;4;M;15;U;GT3;A;4;4;other;services;reputation;mother;1;4;0;no;yes;no;yes;no;yes;yes;yes;1;3;3;5;5;3;12.666666666666666
390;390;16;18;19;GP;0;M;15;U;LE3;A;3;2;services;other;home;mother;1;2;0;no;yes;yes;no;yes;yes;yes;no;4;2;2;1;1;1;17.666666666666668
391;391;10;13;14;GP;4;M;15;U;GT3;T;4;4;services;other;course;mother;1;1;0;no;yes;no;yes;no;yes;yes;no;5;3;3;1;1;5;12.333333333333334
392;392;15;13;13;GP;14;F;19;U;GT3;T;1;1;at_home;health;home;other;1;3;2;no;no;no;no;no;yes;yes;yes;4;1;2;1;1;3;13.666666666666666
393;393;15;15;15;GP;0;M;16;U;LE3;T;2;1;other;other;course;mother;1;2;0;no;no;yes;yes;yes;yes;yes;yes;4;2;3;1;2;5;15.0
394;394;16;17;17;GP;0;M;16;U;GT3;T;4;4;services;teacher;other;father;1;3;0;no;yes;no;yes;yes;yes;yes;yes;4;4;3;1;1;4;16.666666666666668
